{
  "contrasts": {
    "pmids>=1": {
      "base": 46.89153439153439,
      "lift>=2": {
        "label": "lift>=2 vs <2 (benchmark)",
        "hi_rate": 54.43037974683544,
        "lo_rate": 42.033713974986405,
        "rr": 1.2949219709499404,
        "p": 3.32786640485707e-11,
        "hi_n": 1185,
        "lo_n": 1839
      },
      "lift>1": {
        "label": "lift>1 vs <=1",
        "hi_rate": 49.64467005076142,
        "lo_rate": 41.74573055028463,
        "rr": 1.1892155053068758,
        "p": 3.966634539904279e-05,
        "hi_n": 1970,
        "lo_n": 1054
      },
      "supported": {
        "label": "supported vs weak",
        "hi_rate": 49.113082039911305,
        "lo_rate": 43.60655737704918,
        "rr": 1.1262774452761615,
        "p": 0.003285273422060455,
        "hi_n": 1804,
        "lo_n": 1220
      }
    },
    "pmids>=3": {
      "base": 27.513227513227513,
      "lift>=2": {
        "label": "lift>=2 vs <2 (benchmark)",
        "hi_rate": 33.08016877637131,
        "lo_rate": 23.926046764545948,
        "rr": 1.3826006904487917,
        "p": 4.7348405138718204e-08,
        "hi_n": 1185,
        "lo_n": 1839
      },
      "lift>1": {
        "label": "lift>1 vs <=1",
        "hi_rate": 29.492385786802032,
        "lo_rate": 23.81404174573055,
        "rr": 1.2384452039557505,
        "p": 0.0010050400665420466,
        "hi_n": 1970,
        "lo_n": 1054
      },
      "supported": {
        "label": "supported vs weak",
        "hi_rate": 29.323725055432373,
        "lo_rate": 24.83606557377049,
        "rr": 1.1806912398556928,
        "p": 0.007596809417039112,
        "hi_n": 1804,
        "lo_n": 1220
      }
    },
    "pmids>=10": {
      "base": 12.103174603174603,
      "lift>=2": {
        "label": "lift>=2 vs <2 (benchmark)",
        "hi_rate": 15.10548523206751,
        "lo_rate": 10.168569874932029,
        "rr": 1.4855073444797944,
        "p": 6.170547404599673e-05,
        "hi_n": 1185,
        "lo_n": 1839
      },
      "lift>1": {
        "label": "lift>1 vs <=1",
        "hi_rate": 12.639593908629442,
        "lo_rate": 11.100569259962048,
        "rr": 1.1386437589483276,
        "p": 0.2388227032206869,
        "hi_n": 1970,
        "lo_n": 1054
      },
      "supported": {
        "label": "supported vs weak",
        "hi_rate": 12.416851441241684,
        "lo_rate": 11.639344262295081,
        "rr": 1.0667999125573844,
        "p": 0.5576926299276816,
        "hi_n": 1804,
        "lo_n": 1220
      }
    }
  },
  "by_lift_bin": {
    "pmids>=1": [
      {
        "bin": "<=1",
        "n": 1054,
        "rate": 41.74573055028463
      },
      {
        "bin": "1-2",
        "n": 790,
        "rate": 42.65822784810127
      },
      {
        "bin": "2-5",
        "n": 754,
        "rate": 51.724137931034484
      },
      {
        "bin": "5-20",
        "n": 327,
        "rate": 56.57492354740061
      },
      {
        "bin": ">20",
        "n": 99,
        "rate": 66.66666666666667
      }
    ],
    "pmids>=3": [
      {
        "bin": "<=1",
        "n": 1054,
        "rate": 23.81404174573055
      },
      {
        "bin": "1-2",
        "n": 790,
        "rate": 24.303797468354432
      },
      {
        "bin": "2-5",
        "n": 754,
        "rate": 30.23872679045093
      },
      {
        "bin": "5-20",
        "n": 327,
        "rate": 35.77981651376147
      },
      {
        "bin": ">20",
        "n": 99,
        "rate": 44.44444444444444
      }
    ],
    "pmids>=10": [
      {
        "bin": "<=1",
        "n": 1054,
        "rate": 11.100569259962048
      },
      {
        "bin": "1-2",
        "n": 790,
        "rate": 8.987341772151899
      },
      {
        "bin": "2-5",
        "n": 754,
        "rate": 14.854111405835544
      },
      {
        "bin": "5-20",
        "n": 327,
        "rate": 13.761467889908257
      },
      {
        "bin": ">20",
        "n": 99,
        "rate": 21.21212121212121
      }
    ]
  },
  "spearman_lift_vs_pmids_all": {
    "rho": 0.10361533616577154,
    "p": 1.1236525443221814e-08,
    "n": 3024
  },
  "spearman_lift_vs_pmids_attested": {
    "rho": 0.03887466432503352,
    "p": 0.14342915493163325,
    "n": 1418
  }
}